Reference_PMID;PubMed_Ranking;Test_PMID;Equivalence;First_rater;Second_rater;3R;Knowledge base;Clinical finding;Biological function;Method development;Model development;Target discovery;Drug discovery;Preclinical testing;Review
16850029;29;9596253;-;-;na;FALSE;TRUE;FALSE;FALSE;FALSE;FALSE;TRUE;FALSE;FALSE;FALSE
16850029;92;9710810;-;-;na;FALSE;FALSE;FALSE;FALSE;FALSE;FALSE;TRUE;FALSE;FALSE;FALSE
16850029;37;9756602;-;-;na;FALSE;TRUE;FALSE;FALSE;FALSE;FALSE;TRUE;FALSE;FALSE;FALSE
16850029;53;10206300;-;-;na;FALSE;TRUE;TRUE;FALSE;FALSE;FALSE;FALSE;FALSE;FALSE;FALSE
16850029;1;10526099;-;-;na;FALSE;TRUE;FALSE;FALSE;FALSE;FALSE;TRUE;FALSE;FALSE;FALSE
16850029;80;10820269;-;-;na;FALSE;na;na;na;na;na;na;na;na;na
16850029;61;10896779;-;-;na;FALSE;TRUE;FALSE;TRUE;FALSE;FALSE;FALSE;FALSE;FALSE;FALSE
16850029;38;11129784;-;-;na;FALSE;TRUE;FALSE;FALSE;FALSE;FALSE;TRUE;FALSE;FALSE;FALSE
16850029;2;11222998;-;-;na;FALSE;TRUE;FALSE;FALSE;FALSE;FALSE;TRUE;FALSE;FALSE;FALSE
16850029;60;11356303;-;-;na;FALSE;TRUE;FALSE;FALSE;FALSE;FALSE;TRUE;TRUE;FALSE;FALSE
16850029;25;11404174;-;-;na;FALSE;TRUE;FALSE;FALSE;FALSE;FALSE;TRUE;FALSE;FALSE;FALSE
16850029;72;11567062;+;+;na;FALSE;TRUE;FALSE;FALSE;FALSE;FALSE;TRUE;FALSE;FALSE;FALSE
16850029;21;11592852;-;-;na;FALSE;TRUE;FALSE;FALSE;FALSE;FALSE;TRUE;FALSE;FALSE;FALSE
16850029;59;11929634;-;-;na;FALSE;TRUE;FALSE;FALSE;FALSE;FALSE;TRUE;FALSE;FALSE;FALSE
16850029;40;12044662;-;-;na;FALSE;FALSE;FALSE;FALSE;TRUE;FALSE;FALSE;FALSE;FALSE;FALSE
16850029;18;12076079;-;-;na;FALSE;TRUE;FALSE;FALSE;FALSE;FALSE;TRUE;FALSE;FALSE;FALSE
16850029;84;12488800;-;-;na;FALSE;TRUE;FALSE;FALSE;FALSE;FALSE;FALSE;TRUE;FALSE;FALSE
16850029;90;12810672;-;-;na;FALSE;TRUE;TRUE;FALSE;FALSE;FALSE;TRUE;FALSE;FALSE;FALSE
16850029;28;14662518;-;-;na;FALSE;TRUE;FALSE;FALSE;FALSE;FALSE;FALSE;TRUE;FALSE;FALSE
16850029;33;14663336;-;-;na;FALSE;TRUE;FALSE;FALSE;FALSE;FALSE;TRUE;FALSE;FALSE;FALSE
16850029;47;14663338;-;-;na;FALSE;TRUE;FALSE;FALSE;FALSE;FALSE;TRUE;FALSE;FALSE;FALSE
16850029;9;14672808;L;L;na;TRUE;TRUE;FALSE;FALSE;FALSE;FALSE;FALSE;TRUE;FALSE;FALSE
16850029;67;14987950;-;-;na;FALSE;TRUE;FALSE;FALSE;FALSE;FALSE;FALSE;TRUE;FALSE;FALSE
16850029;83;15094511;-;-;na;FALSE;TRUE;FALSE;FALSE;FALSE;FALSE;TRUE;FALSE;FALSE;FALSE
16850029;65;15099024;-;-;na;FALSE;TRUE;FALSE;FALSE;FALSE;FALSE;TRUE;FALSE;FALSE;FALSE
16850029;91;15240428;-;-;na;FALSE;TRUE;FALSE;TRUE;FALSE;FALSE;FALSE;FALSE;FALSE;FALSE
16850029;89;15531084;-;-;na;FALSE;FALSE;FALSE;FALSE;FALSE;FALSE;FALSE;TRUE;FALSE;FALSE
16850029;23;15671273;-;-;na;FALSE;TRUE;FALSE;TRUE;FALSE;FALSE;FALSE;FALSE;FALSE;FALSE
16850029;24;15711567;-;-;na;FALSE;TRUE;FALSE;FALSE;FALSE;FALSE;TRUE;FALSE;FALSE;FALSE
16850029;43;15721222;-;-;na;FALSE;TRUE;FALSE;FALSE;FALSE;FALSE;FALSE;TRUE;FALSE;FALSE
16850029;62;15729288;-;-;na;FALSE;TRUE;FALSE;FALSE;FALSE;FALSE;TRUE;FALSE;FALSE;FALSE
16850029;73;15764676;-;-;na;FALSE;TRUE;FALSE;FALSE;FALSE;FALSE;TRUE;FALSE;FALSE;FALSE
16850029;78;15815585;-;-;na;FALSE;TRUE;FALSE;FALSE;FALSE;FALSE;TRUE;FALSE;FALSE;FALSE
16850029;77;15870843;-;-;na;FALSE;TRUE;FALSE;FALSE;FALSE;FALSE;TRUE;FALSE;FALSE;FALSE
16850029;76;15976526;-;-;na;FALSE;TRUE;FALSE;FALSE;FALSE;FALSE;TRUE;FALSE;FALSE;FALSE
16850029;32;16029217;-;-;na;FALSE;TRUE;FALSE;FALSE;FALSE;FALSE;TRUE;FALSE;FALSE;FALSE
16850029;82;16046515;-;-;na;FALSE;TRUE;FALSE;FALSE;FALSE;FALSE;TRUE;FALSE;FALSE;FALSE
16850029;74;16177809;-;-;na;FALSE;TRUE;FALSE;FALSE;FALSE;FALSE;FALSE;TRUE;FALSE;FALSE
16850029;26;16212944;-;-;na;FALSE;TRUE;FALSE;FALSE;FALSE;FALSE;FALSE;TRUE;FALSE;FALSE
16850029;88;16373278;-;-;na;FALSE;TRUE;FALSE;FALSE;FALSE;FALSE;TRUE;FALSE;FALSE;FALSE
16850029;95;16489579;-;-;na;FALSE;TRUE;FALSE;FALSE;FALSE;FALSE;TRUE;FALSE;FALSE;FALSE
16850029;48;16624294;L;L;na;FALSE;TRUE;FALSE;FALSE;FALSE;FALSE;TRUE;FALSE;FALSE;FALSE
16850029;14;16624562;L;L;na;FALSE;TRUE;FALSE;FALSE;FALSE;FALSE;TRUE;FALSE;FALSE;FALSE
16850029;71;16671440;-;-;na;FALSE;TRUE;FALSE;FALSE;FALSE;FALSE;TRUE;FALSE;FALSE;FALSE
16850029;57;16707552;L;L;na;TRUE;TRUE;FALSE;FALSE;FALSE;FALSE;TRUE;FALSE;FALSE;FALSE
16850029;0;16850029;++;++;na;FALSE;TRUE;FALSE;FALSE;FALSE;FALSE;TRUE;FALSE;FALSE;FALSE
16850029;49;16973272;-;-;na;FALSE;TRUE;FALSE;FALSE;FALSE;FALSE;FALSE;TRUE;FALSE;FALSE
16850029;36;16998798;-;-;na;FALSE;TRUE;FALSE;TRUE;FALSE;FALSE;FALSE;FALSE;FALSE;FALSE
16850029;94;17143608;L;L;na;FALSE;TRUE;FALSE;FALSE;FALSE;FALSE;TRUE;FALSE;FALSE;FALSE
16850029;13;17156757;-;-;na;FALSE;TRUE;FALSE;FALSE;FALSE;FALSE;TRUE;FALSE;FALSE;FALSE
16850029;35;17184751;-;-;na;FALSE;TRUE;FALSE;FALSE;FALSE;FALSE;FALSE;TRUE;FALSE;FALSE
16850029;51;17213862;-;-;na;FALSE;TRUE;FALSE;FALSE;FALSE;FALSE;TRUE;FALSE;FALSE;FALSE
16850029;39;17279554;-;-;na;FALSE;TRUE;FALSE;FALSE;FALSE;FALSE;TRUE;FALSE;FALSE;FALSE
16850029;4;17613235;++;++;na;FALSE;TRUE;FALSE;FALSE;FALSE;FALSE;FALSE;FALSE;FALSE;TRUE
16850029;85;17644578;-;-;na;FALSE;TRUE;FALSE;TRUE;FALSE;FALSE;FALSE;FALSE;FALSE;FALSE
16850029;7;17678960;-;-;na;FALSE;TRUE;FALSE;FALSE;FALSE;FALSE;TRUE;FALSE;FALSE;FALSE
16850029;30;17687559;-;-;na;FALSE;FALSE;FALSE;FALSE;FALSE;FALSE;TRUE;FALSE;FALSE;FALSE
16850029;70;17957131;-;-;na;FALSE;FALSE;FALSE;FALSE;FALSE;FALSE;TRUE;FALSE;FALSE;FALSE
16850029;44;17971790;-;-;na;FALSE;TRUE;FALSE;FALSE;FALSE;FALSE;TRUE;FALSE;FALSE;FALSE
16850029;86;18000599;-;-;na;FALSE;TRUE;FALSE;FALSE;FALSE;FALSE;FALSE;FALSE;TRUE;FALSE
16850029;11;18031717;-;-;na;FALSE;TRUE;FALSE;FALSE;FALSE;FALSE;FALSE;TRUE;FALSE;FALSE
16850029;8;18160227;-;-;na;FALSE;TRUE;FALSE;FALSE;FALSE;FALSE;FALSE;TRUE;FALSE;FALSE
16850029;81;18255236;-;-;na;FALSE;TRUE;FALSE;FALSE;FALSE;FALSE;TRUE;FALSE;FALSE;FALSE
16850029;16;18431253;L;L;na;TRUE;TRUE;FALSE;FALSE;FALSE;FALSE;TRUE;FALSE;FALSE;FALSE
16850029;6;18560439;-;-;na;FALSE;TRUE;FALSE;FALSE;FALSE;FALSE;TRUE;FALSE;FALSE;FALSE
16850029;19;18624955;-;-;na;FALSE;TRUE;FALSE;FALSE;FALSE;FALSE;FALSE;TRUE;FALSE;FALSE
16850029;64;18691572;L;L;na;FALSE;TRUE;FALSE;FALSE;FALSE;FALSE;TRUE;FALSE;FALSE;FALSE
16850029;58;18694576;-;-;na;FALSE;TRUE;FALSE;FALSE;FALSE;FALSE;FALSE;TRUE;FALSE;FALSE
16850029;66;18809469;-;-;na;FALSE;TRUE;FALSE;FALSE;FALSE;FALSE;TRUE;FALSE;FALSE;FALSE
16850029;34;18941468;L;L;na;FALSE;TRUE;FALSE;FALSE;TRUE;FALSE;FALSE;FALSE;FALSE;FALSE
16850029;31;19000419;-;-;na;FALSE;FALSE;FALSE;FALSE;FALSE;FALSE;TRUE;FALSE;FALSE;FALSE
16850029;17;19066093;-;-;na;FALSE;TRUE;FALSE;FALSE;FALSE;FALSE;FALSE;TRUE;FALSE;FALSE
16850029;87;19073180;L;L;na;FALSE;TRUE;FALSE;FALSE;FALSE;FALSE;FALSE;TRUE;FALSE;FALSE
16850029;15;19187098;+;+;na;TRUE;TRUE;FALSE;FALSE;FALSE;FALSE;FALSE;TRUE;FALSE;FALSE
16850029;69;19210333;-;-;na;FALSE;na;na;na;na;na;na;na;na;na
16850029;27;19300451;-;-;na;FALSE;TRUE;FALSE;FALSE;FALSE;FALSE;TRUE;FALSE;FALSE;FALSE
16850029;10;19576514;L;L;na;FALSE;TRUE;FALSE;FALSE;FALSE;FALSE;TRUE;FALSE;FALSE;FALSE
16850029;20;19712057;+;+;na;FALSE;FALSE;FALSE;FALSE;FALSE;FALSE;TRUE;FALSE;FALSE;FALSE
16850029;46;19794148;-;-;na;FALSE;FALSE;FALSE;FALSE;FALSE;FALSE;TRUE;FALSE;FALSE;FALSE
16850029;55;20570121;+;+;na;FALSE;TRUE;FALSE;FALSE;FALSE;FALSE;FALSE;TRUE;FALSE;FALSE
16850029;63;20663046;-;-;na;FALSE;TRUE;FALSE;FALSE;FALSE;FALSE;FALSE;TRUE;FALSE;FALSE
16850029;41;20816826;+;+;na;FALSE;TRUE;FALSE;FALSE;FALSE;FALSE;FALSE;TRUE;FALSE;FALSE
16850029;45;20950592;+;+;na;FALSE;TRUE;FALSE;FALSE;FALSE;FALSE;FALSE;TRUE;FALSE;FALSE
16850029;42;21318404;-;-;na;FALSE;TRUE;FALSE;FALSE;FALSE;FALSE;TRUE;FALSE;FALSE;FALSE
16850029;3;21501651;-;-;na;FALSE;TRUE;FALSE;FALSE;FALSE;FALSE;TRUE;FALSE;FALSE;FALSE
16850029;93;21626096;+;+;na;FALSE;TRUE;FALSE;FALSE;FALSE;FALSE;FALSE;TRUE;FALSE;FALSE
16850029;68;21717368;++;++;na;FALSE;TRUE;FALSE;FALSE;FALSE;FALSE;TRUE;FALSE;FALSE;FALSE
16850029;50;21803344;L;L;na;FALSE;TRUE;FALSE;FALSE;FALSE;FALSE;TRUE;FALSE;FALSE;FALSE
16850029;12;21857898;L;L;na;TRUE;TRUE;FALSE;FALSE;FALSE;FALSE;TRUE;FALSE;FALSE;FALSE
16850029;5;22007835;-;-;na;FALSE;TRUE;FALSE;FALSE;FALSE;FALSE;TRUE;FALSE;FALSE;FALSE
16850029;56;22173873;L;L;na;FALSE;TRUE;FALSE;FALSE;FALSE;FALSE;FALSE;TRUE;FALSE;FALSE
16850029;54;22256767;-;-;na;FALSE;FALSE;FALSE;FALSE;FALSE;FALSE;FALSE;TRUE;FALSE;FALSE
16850029;79;22813865;-;-;na;FALSE;TRUE;FALSE;FALSE;FALSE;FALSE;TRUE;FALSE;FALSE;FALSE
16850029;22;23571276;-;-;na;FALSE;TRUE;FALSE;FALSE;FALSE;FALSE;TRUE;FALSE;FALSE;FALSE
16850029;75;24316243;L;L;na;FALSE;TRUE;FALSE;FALSE;FALSE;FALSE;FALSE;TRUE;FALSE;FALSE
16850029;52;25226558;+;+;na;FALSE;TRUE;FALSE;FALSE;FALSE;FALSE;FALSE;TRUE;FALSE;FALSE
19735549;50;1355464;-;-;-;FALSE;FALSE;TRUE;FALSE;FALSE;FALSE;FALSE;FALSE;FALSE;FALSE
19735549;70;2536585;-;-;-;FALSE;FALSE;TRUE;FALSE;FALSE;FALSE;FALSE;FALSE;FALSE;FALSE
19735549;62;7473818;-;-;-;FALSE;TRUE;TRUE;FALSE;FALSE;FALSE;FALSE;FALSE;FALSE;FALSE
19735549;48;7513249;-;-;-;FALSE;TRUE;TRUE;FALSE;FALSE;FALSE;FALSE;FALSE;FALSE;FALSE
19735549;40;7911998;-;-;-;FALSE;TRUE;TRUE;FALSE;FALSE;FALSE;FALSE;FALSE;FALSE;FALSE
19735549;10;7954261;-;-;-;FALSE;TRUE;TRUE;FALSE;FALSE;FALSE;FALSE;FALSE;FALSE;FALSE
19735549;14;8055451;-;-;-;FALSE;TRUE;TRUE;FALSE;FALSE;FALSE;FALSE;FALSE;FALSE;FALSE
19735549;78;8646681;-;-;-;FALSE;TRUE;TRUE;FALSE;FALSE;FALSE;FALSE;FALSE;FALSE;FALSE
19735549;7;8712293;-;-;-;FALSE;TRUE;TRUE;FALSE;FALSE;FALSE;FALSE;FALSE;FALSE;FALSE
19735549;37;8816587;-;-;-;FALSE;TRUE;TRUE;FALSE;FALSE;FALSE;FALSE;FALSE;FALSE;FALSE
19735549;63;9006344;-;-;-;FALSE;TRUE;TRUE;FALSE;FALSE;FALSE;FALSE;FALSE;FALSE;FALSE
19735549;23;9128269;-;-;-;FALSE;TRUE;TRUE;FALSE;FALSE;FALSE;FALSE;FALSE;FALSE;FALSE
19735549;81;9390032;-;-;-;FALSE;TRUE;TRUE;FALSE;FALSE;FALSE;FALSE;FALSE;FALSE;FALSE
19735549;55;9504685;-;-;-;FALSE;TRUE;FALSE;FALSE;FALSE;FALSE;FALSE;FALSE;FALSE;TRUE
19735549;33;9816058;-;-;-;FALSE;FALSE;TRUE;FALSE;FALSE;FALSE;FALSE;FALSE;FALSE;FALSE
19735549;42;9827718;-;-;-;FALSE;TRUE;TRUE;FALSE;FALSE;FALSE;FALSE;FALSE;FALSE;FALSE
19735549;75;9928552;-;-;-;FALSE;TRUE;FALSE;FALSE;FALSE;FALSE;FALSE;FALSE;FALSE;TRUE
19735549;36;10478664;-;-;-;FALSE;TRUE;TRUE;FALSE;FALSE;FALSE;FALSE;FALSE;FALSE;FALSE
19735549;58;10481945;-;-;-;FALSE;FALSE;TRUE;FALSE;FALSE;FALSE;FALSE;FALSE;FALSE;FALSE
19735549;51;10674443;-;-;-;FALSE;TRUE;TRUE;FALSE;FALSE;FALSE;FALSE;FALSE;FALSE;FALSE
19735549;71;10810403;-;-;-;FALSE;TRUE;TRUE;FALSE;FALSE;FALSE;FALSE;FALSE;FALSE;FALSE
19735549;68;10872036;-;-;-;FALSE;FALSE;TRUE;FALSE;FALSE;FALSE;FALSE;FALSE;FALSE;FALSE
19735549;28;10945643;-;-;L;FALSE;TRUE;FALSE;FALSE;FALSE;FALSE;FALSE;FALSE;TRUE;FALSE
19735549;65;11169513;-;-;-;FALSE;TRUE;TRUE;FALSE;FALSE;FALSE;FALSE;FALSE;FALSE;FALSE
19735549;26;11850540;-;-;-;FALSE;TRUE;TRUE;FALSE;FALSE;FALSE;FALSE;FALSE;FALSE;FALSE
19735549;66;12784329;-;-;-;FALSE;TRUE;FALSE;FALSE;TRUE;FALSE;FALSE;FALSE;FALSE;FALSE
19735549;13;12874968;-;-;-;FALSE;TRUE;TRUE;FALSE;FALSE;FALSE;FALSE;FALSE;FALSE;FALSE
19735549;80;14693746;-;-;-;FALSE;TRUE;TRUE;FALSE;FALSE;FALSE;FALSE;FALSE;FALSE;FALSE
19735549;18;15166671;-;-;-;FALSE;TRUE;TRUE;FALSE;FALSE;FALSE;FALSE;FALSE;FALSE;FALSE
19735549;38;15593325;-;L;-;FALSE;TRUE;TRUE;FALSE;FALSE;FALSE;FALSE;FALSE;FALSE;FALSE
19735549;57;15737842;-;-;-;FALSE;TRUE;TRUE;FALSE;FALSE;FALSE;FALSE;FALSE;FALSE;FALSE
19735549;34;16033090;-;-;-;FALSE;FALSE;TRUE;FALSE;FALSE;FALSE;FALSE;FALSE;FALSE;FALSE
19735549;30;16280035;-;-;-;FALSE;TRUE;FALSE;FALSE;FALSE;TRUE;FALSE;TRUE;FALSE;FALSE
19735549;88;16292950;-;-;-;FALSE;TRUE;FALSE;FALSE;TRUE;FALSE;FALSE;FALSE;FALSE;FALSE
19735549;54;17134566;-;-;-;FALSE;FALSE;TRUE;FALSE;FALSE;FALSE;FALSE;FALSE;FALSE;FALSE
19735549;24;17266026;-;-;L;FALSE;na;na;na;na;na;na;na;na;na
19735549;69;17465194;-;-;-;FALSE;TRUE;FALSE;FALSE;FALSE;TRUE;FALSE;FALSE;FALSE;FALSE
19735549;72;17522367;-;-;-;FALSE;TRUE;TRUE;FALSE;FALSE;FALSE;FALSE;FALSE;FALSE;FALSE
19735549;20;17982119;-;-;-;FALSE;TRUE;TRUE;FALSE;FALSE;TRUE;FALSE;FALSE;FALSE;FALSE
19735549;74;18223211;-;-;-;FALSE;TRUE;TRUE;FALSE;FALSE;FALSE;FALSE;FALSE;FALSE;FALSE
19735549;44;18479514;-;-;-;FALSE;TRUE;TRUE;FALSE;FALSE;FALSE;FALSE;FALSE;FALSE;FALSE
19735549;43;18657193;-;-;-;FALSE;FALSE;TRUE;FALSE;FALSE;FALSE;FALSE;FALSE;FALSE;FALSE
19735549;67;18723312;-;-;-;FALSE;TRUE;TRUE;FALSE;FALSE;FALSE;FALSE;FALSE;FALSE;FALSE
19735549;95;18780960;-;-;-;FALSE;TRUE;FALSE;FALSE;TRUE;FALSE;FALSE;FALSE;FALSE;FALSE
19735549;5;18787417;-;-;-;FALSE;TRUE;TRUE;FALSE;FALSE;FALSE;TRUE;FALSE;FALSE;FALSE
19735549;27;18928525;-;L;-;FALSE;TRUE;TRUE;FALSE;FALSE;FALSE;FALSE;FALSE;FALSE;FALSE
19735549;29;19218449;-;-;-;FALSE;TRUE;FALSE;FALSE;FALSE;FALSE;TRUE;FALSE;FALSE;FALSE
19735549;0;19735549;++;++;na;FALSE;TRUE;FALSE;FALSE;FALSE;TRUE;TRUE;FALSE;FALSE;FALSE
19735549;59;19782135;-;-;-;FALSE;na;na;na;na;na;na;na;na;na
19735549;17;19920187;L;L;L;TRUE;TRUE;FALSE;FALSE;FALSE;TRUE;TRUE;FALSE;FALSE;FALSE
19735549;77;19949854;-;-;-;FALSE;TRUE;TRUE;FALSE;FALSE;FALSE;FALSE;FALSE;FALSE;FALSE
19735549;83;20006623;-;L;-;FALSE;na;na;na;na;na;na;na;na;na
19735549;47;20103725;-;-;-;FALSE;TRUE;FALSE;FALSE;FALSE;FALSE;FALSE;TRUE;FALSE;FALSE
19735549;39;20412586;-;-;-;FALSE;TRUE;TRUE;FALSE;FALSE;TRUE;FALSE;FALSE;FALSE;FALSE
19735549;25;20421921;+;+;+;TRUE;TRUE;TRUE;FALSE;FALSE;FALSE;TRUE;FALSE;FALSE;FALSE
19735549;6;20458274;+;L;+;TRUE;TRUE;FALSE;FALSE;FALSE;TRUE;TRUE;FALSE;FALSE;FALSE
19735549;89;21124756;-;-;-;FALSE;TRUE;FALSE;FALSE;FALSE;FALSE;FALSE;FALSE;FALSE;TRUE
19735549;53;21135965;+;L;+;TRUE;TRUE;FALSE;FALSE;FALSE;TRUE;FALSE;FALSE;FALSE;FALSE
19735549;9;21908556;+;L;+;TRUE;TRUE;FALSE;FALSE;FALSE;FALSE;TRUE;FALSE;FALSE;FALSE
19735549;41;21935747;-;-;-;FALSE;TRUE;TRUE;FALSE;FALSE;FALSE;FALSE;FALSE;FALSE;FALSE
19735549;2;22025213;+;+;+;FALSE;TRUE;FALSE;FALSE;FALSE;TRUE;FALSE;FALSE;FALSE;FALSE
19735549;56;22053985;-;-;-;FALSE;TRUE;TRUE;FALSE;FALSE;FALSE;TRUE;FALSE;FALSE;FALSE
19735549;1;22410125;-;-;-;FALSE;TRUE;FALSE;FALSE;FALSE;FALSE;TRUE;FALSE;FALSE;FALSE
19735549;79;22688217;L;L;L;FALSE;TRUE;FALSE;FALSE;FALSE;FALSE;FALSE;FALSE;FALSE;TRUE
19735549;12;22751464;+;L;+;FALSE;TRUE;TRUE;FALSE;FALSE;FALSE;TRUE;FALSE;FALSE;FALSE
19735549;4;22777354;-;-;-;FALSE;TRUE;TRUE;FALSE;FALSE;FALSE;TRUE;FALSE;FALSE;FALSE
19735549;76;22825334;-;-;-;FALSE;TRUE;TRUE;FALSE;FALSE;FALSE;TRUE;FALSE;FALSE;FALSE
19735549;73;23110523;-;-;-;FALSE;TRUE;FALSE;FALSE;FALSE;FALSE;TRUE;FALSE;FALSE;FALSE
19735549;64;23184608;-;-;-;FALSE;FALSE;FALSE;FALSE;TRUE;FALSE;FALSE;FALSE;FALSE;FALSE
19735549;46;23208501;-;L;-;FALSE;TRUE;TRUE;FALSE;FALSE;FALSE;TRUE;TRUE;FALSE;FALSE
19735549;16;23457626;-;L;-;FALSE;TRUE;FALSE;FALSE;FALSE;FALSE;TRUE;FALSE;FALSE;FALSE
19735549;31;23851504;-;L;-;FALSE;TRUE;FALSE;FALSE;FALSE;FALSE;TRUE;FALSE;FALSE;FALSE
19735549;15;23860929;-;-;-;FALSE;TRUE;FALSE;FALSE;TRUE;FALSE;FALSE;FALSE;FALSE;FALSE
19735549;19;23883667;+;L;+;TRUE;TRUE;TRUE;FALSE;FALSE;TRUE;TRUE;FALSE;FALSE;FALSE
19735549;96;23997758;-;-;-;FALSE;TRUE;FALSE;FALSE;TRUE;FALSE;FALSE;FALSE;FALSE;FALSE
19735549;45;24121271;-;-;-;FALSE;TRUE;TRUE;FALSE;FALSE;FALSE;TRUE;FALSE;FALSE;FALSE
19735549;52;24297178;-;L;-;FALSE;TRUE;FALSE;FALSE;FALSE;FALSE;TRUE;FALSE;FALSE;FALSE
19735549;90;24371431;-;-;L;FALSE;TRUE;FALSE;FALSE;FALSE;FALSE;FALSE;FALSE;FALSE;TRUE
19735549;11;24691501;-;-;-;FALSE;TRUE;FALSE;FALSE;FALSE;FALSE;FALSE;TRUE;FALSE;FALSE
19735549;35;25077370;-;-;-;FALSE;TRUE;TRUE;FALSE;FALSE;FALSE;FALSE;FALSE;FALSE;FALSE
19735549;94;25264427;-;-;-;FALSE;FALSE;FALSE;FALSE;FALSE;TRUE;FALSE;FALSE;FALSE;FALSE
19735549;87;25406584;L;+;-;TRUE;TRUE;FALSE;FALSE;TRUE;FALSE;FALSE;FALSE;FALSE;FALSE
19735549;84;25473842;-;L;-;FALSE;TRUE;FALSE;FALSE;TRUE;FALSE;FALSE;FALSE;FALSE;FALSE
19735549;93;25572806;L;-;+;FALSE;TRUE;FALSE;FALSE;FALSE;TRUE;FALSE;FALSE;FALSE;FALSE
19735549;22;25605670;+;+;+;TRUE;TRUE;FALSE;FALSE;FALSE;TRUE;FALSE;FALSE;FALSE;FALSE
19735549;91;25742185;-;L;-;FALSE;na;na;na;na;na;na;na;na;na
19735549;82;26215578;-;-;-;FALSE;TRUE;TRUE;FALSE;FALSE;FALSE;TRUE;FALSE;FALSE;FALSE
19735549;61;26255059;-;-;-;FALSE;TRUE;TRUE;FALSE;FALSE;FALSE;FALSE;FALSE;FALSE;FALSE
19735549;8;26343330;+;+;+;TRUE;FALSE;TRUE;FALSE;FALSE;TRUE;TRUE;FALSE;FALSE;FALSE
19735549;97;26994106;-;-;L;FALSE;TRUE;FALSE;FALSE;TRUE;FALSE;FALSE;FALSE;FALSE;FALSE
19735549;85;27097643;-;L;-;FALSE;TRUE;FALSE;FALSE;FALSE;FALSE;TRUE;FALSE;FALSE;FALSE
19735549;92;27116366;-;-;-;FALSE;TRUE;FALSE;FALSE;TRUE;FALSE;FALSE;FALSE;FALSE;FALSE
19735549;60;27374087;L;L;L;FALSE;TRUE;FALSE;FALSE;FALSE;FALSE;TRUE;FALSE;FALSE;FALSE
19735549;3;27446983;+;+;L;FALSE;FALSE;FALSE;FALSE;FALSE;TRUE;FALSE;FALSE;FALSE;FALSE
19735549;49;27589390;-;L;-;FALSE;TRUE;FALSE;FALSE;FALSE;FALSE;TRUE;FALSE;FALSE;FALSE
19735549;21;27776557;-;-;-;FALSE;TRUE;FALSE;FALSE;FALSE;FALSE;TRUE;FALSE;FALSE;FALSE
19735549;86;28549415;-;-;-;FALSE;TRUE;FALSE;FALSE;FALSE;FALSE;TRUE;FALSE;FALSE;FALSE
19735549;32;28707729;+;+;+;FALSE;FALSE;FALSE;FALSE;FALSE;FALSE;TRUE;FALSE;FALSE;FALSE
21494637;85;16269541;-;-;na;FALSE;TRUE;FALSE;FALSE;FALSE;FALSE;TRUE;FALSE;FALSE;FALSE
21494637;92;17388990;-;-;na;FALSE;TRUE;TRUE;FALSE;FALSE;FALSE;FALSE;FALSE;FALSE;FALSE
21494637;87;17498648;L;L;na;TRUE;TRUE;FALSE;FALSE;FALSE;FALSE;TRUE;FALSE;FALSE;FALSE
21494637;41;17623048;-;-;na;FALSE;TRUE;FALSE;FALSE;FALSE;FALSE;TRUE;FALSE;FALSE;FALSE
21494637;21;18182054;-;-;na;FALSE;TRUE;FALSE;FALSE;FALSE;TRUE;TRUE;FALSE;FALSE;FALSE
21494637;25;18258746;+;+;na;TRUE;TRUE;FALSE;FALSE;FALSE;TRUE;FALSE;FALSE;FALSE;FALSE
21494637;95;18634852;-;-;na;FALSE;TRUE;FALSE;FALSE;FALSE;FALSE;TRUE;FALSE;FALSE;FALSE
21494637;80;18805725;-;-;na;FALSE;TRUE;TRUE;FALSE;FALSE;FALSE;FALSE;FALSE;FALSE;FALSE
21494637;93;19025767;n;n;na;FALSE;TRUE;FALSE;FALSE;FALSE;FALSE;FALSE;FALSE;FALSE;TRUE
21494637;53;19545277;-;-;na;FALSE;TRUE;FALSE;FALSE;FALSE;FALSE;TRUE;FALSE;FALSE;FALSE
21494637;59;19625511;+;+;na;TRUE;TRUE;FALSE;FALSE;FALSE;FALSE;TRUE;FALSE;FALSE;FALSE
21494637;32;19667187;+;+;na;FALSE;TRUE;FALSE;FALSE;FALSE;TRUE;FALSE;FALSE;FALSE;FALSE
21494637;29;19741132;+;+;na;TRUE;TRUE;FALSE;FALSE;FALSE;TRUE;TRUE;FALSE;FALSE;FALSE
21494637;39;19769964;+;+;na;TRUE;na;na;na;na;na;na;na;na;na
21494637;33;20074637;-;-;na;FALSE;TRUE;FALSE;FALSE;FALSE;FALSE;TRUE;FALSE;FALSE;FALSE
21494637;8;20130188;+;+;na;FALSE;TRUE;FALSE;FALSE;FALSE;TRUE;FALSE;FALSE;FALSE;FALSE
21494637;7;20382224;+;+;na;TRUE;TRUE;FALSE;FALSE;FALSE;TRUE;FALSE;FALSE;FALSE;FALSE
21494637;27;20659558;n;n;na;FALSE;TRUE;FALSE;FALSE;FALSE;TRUE;FALSE;FALSE;FALSE;FALSE
21494637;86;20720502;-;-;na;FALSE;TRUE;TRUE;FALSE;FALSE;FALSE;FALSE;FALSE;FALSE;FALSE
21494637;96;20881132;-;-;na;FALSE;TRUE;FALSE;FALSE;FALSE;FALSE;TRUE;FALSE;FALSE;FALSE
21494637;15;21168496;-;-;na;FALSE;TRUE;FALSE;FALSE;FALSE;TRUE;FALSE;FALSE;FALSE;FALSE
21494637;69;21238487;-;-;na;FALSE;TRUE;FALSE;FALSE;FALSE;FALSE;FALSE;FALSE;FALSE;TRUE
21494637;30;21248115;+(+);+(+);na;FALSE;TRUE;FALSE;FALSE;FALSE;TRUE;FALSE;FALSE;FALSE;FALSE
21494637;79;21362567;+;+;na;TRUE;TRUE;FALSE;FALSE;FALSE;TRUE;FALSE;FALSE;FALSE;FALSE
21494637;16;21454543;-;-;na;FALSE;TRUE;FALSE;FALSE;FALSE;FALSE;TRUE;FALSE;FALSE;FALSE
21494637;0;21494637;++;++;na;FALSE;TRUE;FALSE;FALSE;FALSE;TRUE;FALSE;FALSE;FALSE;FALSE
21494637;6;21698001;-;-;na;FALSE;TRUE;FALSE;FALSE;FALSE;TRUE;FALSE;FALSE;FALSE;FALSE
21494637;58;21828077;-;-;na;FALSE;TRUE;FALSE;TRUE;FALSE;FALSE;TRUE;FALSE;FALSE;FALSE
21494637;90;21857923;+;+;na;TRUE;TRUE;FALSE;FALSE;FALSE;FALSE;TRUE;FALSE;FALSE;FALSE
21494637;44;21972245;-;-;na;FALSE;TRUE;FALSE;TRUE;FALSE;FALSE;TRUE;FALSE;FALSE;FALSE
21494637;38;22166430;L;L;na;FALSE;TRUE;FALSE;FALSE;FALSE;TRUE;FALSE;FALSE;FALSE;TRUE
21494637;55;22228096;-;-;na;FALSE;TRUE;FALSE;FALSE;FALSE;FALSE;TRUE;FALSE;FALSE;FALSE
21494637;61;22315971;-;-;na;FALSE;na;na;na;na;na;na;na;na;na
21494637;23;22357653;n;n;na;FALSE;TRUE;FALSE;FALSE;FALSE;FALSE;TRUE;FALSE;FALSE;FALSE
21494637;20;22363216;-;-;na;FALSE;TRUE;FALSE;FALSE;FALSE;FALSE;TRUE;FALSE;FALSE;FALSE
21494637;76;22433811;-;-;na;FALSE;TRUE;TRUE;FALSE;FALSE;FALSE;FALSE;FALSE;FALSE;FALSE
21494637;50;22534020;-;-;na;FALSE;TRUE;FALSE;FALSE;FALSE;TRUE;FALSE;FALSE;FALSE;FALSE
21494637;4;22539006;+;+;na;FALSE;TRUE;FALSE;FALSE;FALSE;TRUE;TRUE;FALSE;FALSE;FALSE
21494637;84;22578536;n;n;na;FALSE;TRUE;FALSE;FALSE;FALSE;FALSE;FALSE;FALSE;FALSE;TRUE
21494637;97;22615783;-;-;na;FALSE;na;na;na;na;na;na;na;na;na
21494637;62;22639965;-;-;na;FALSE;TRUE;FALSE;FALSE;FALSE;FALSE;TRUE;FALSE;FALSE;FALSE
21494637;78;22647713;-;-;na;FALSE;TRUE;FALSE;FALSE;FALSE;TRUE;FALSE;FALSE;FALSE;FALSE
21494637;45;22736029;-;-;na;FALSE;TRUE;FALSE;FALSE;FALSE;FALSE;TRUE;FALSE;FALSE;FALSE
21494637;51;22773119;-;-;na;FALSE;TRUE;FALSE;FALSE;FALSE;FALSE;TRUE;FALSE;FALSE;FALSE
21494637;28;22988862;+;+;na;FALSE;TRUE;FALSE;TRUE;FALSE;TRUE;FALSE;FALSE;FALSE;FALSE
21494637;99;22988869;n;n;na;FALSE;TRUE;FALSE;FALSE;FALSE;FALSE;FALSE;FALSE;FALSE;TRUE
21494637;89;22988877;-;-;na;FALSE;TRUE;FALSE;FALSE;FALSE;FALSE;FALSE;FALSE;FALSE;TRUE
21494637;67;23065705;L;L;na;TRUE;TRUE;FALSE;FALSE;FALSE;FALSE;FALSE;TRUE;FALSE;FALSE
21494637;100;23075850;-;-;na;FALSE;TRUE;TRUE;FALSE;FALSE;TRUE;FALSE;FALSE;FALSE;FALSE
21494637;31;23231918;-;-;na;FALSE;TRUE;FALSE;FALSE;FALSE;FALSE;TRUE;FALSE;FALSE;FALSE
21494637;35;23241745;-;-;na;FALSE;TRUE;FALSE;FALSE;FALSE;FALSE;TRUE;FALSE;FALSE;FALSE
21494637;101;23396536;-;-;na;FALSE;TRUE;FALSE;FALSE;FALSE;TRUE;FALSE;FALSE;FALSE;FALSE
21494637;77;23455607;-;-;na;FALSE;TRUE;TRUE;FALSE;FALSE;FALSE;TRUE;FALSE;FALSE;FALSE
21494637;73;23646112;-;-;na;FALSE;TRUE;FALSE;FALSE;FALSE;FALSE;TRUE;FALSE;FALSE;FALSE
21494637;91;23721786;-;-;na;FALSE;TRUE;FALSE;FALSE;FALSE;FALSE;FALSE;TRUE;FALSE;FALSE
21494637;12;23813973;n;n;na;TRUE;TRUE;FALSE;FALSE;FALSE;FALSE;TRUE;FALSE;FALSE;FALSE
21494637;26;23963789;n;n;na;TRUE;TRUE;FALSE;FALSE;FALSE;TRUE;FALSE;TRUE;FALSE;FALSE
21494637;65;24025585;-;-;na;FALSE;TRUE;FALSE;FALSE;FALSE;FALSE;FALSE;FALSE;FALSE;TRUE
21494637;74;24167564;-;-;na;FALSE;TRUE;FALSE;FALSE;FALSE;FALSE;TRUE;FALSE;FALSE;FALSE
21494637;72;24282027;-;-;na;FALSE;TRUE;FALSE;FALSE;FALSE;FALSE;TRUE;FALSE;FALSE;FALSE
21494637;46;24459295;+;+;na;TRUE;TRUE;FALSE;FALSE;FALSE;FALSE;TRUE;TRUE;FALSE;FALSE
21494637;81;24652679;-;-;na;FALSE;TRUE;TRUE;FALSE;FALSE;FALSE;TRUE;FALSE;FALSE;FALSE
21494637;52;24725412;+;+;na;TRUE;TRUE;FALSE;FALSE;FALSE;FALSE;TRUE;FALSE;FALSE;FALSE
21494637;71;24754922;-;-;na;FALSE;TRUE;FALSE;FALSE;FALSE;FALSE;TRUE;FALSE;FALSE;FALSE
21494637;9;24830390;+;+;na;FALSE;FALSE;FALSE;FALSE;FALSE;FALSE;TRUE;FALSE;FALSE;FALSE
21494637;98;24874075;-;-;na;FALSE;TRUE;FALSE;FALSE;FALSE;FALSE;TRUE;FALSE;FALSE;FALSE
21494637;56;24993787;-;-;na;FALSE;TRUE;FALSE;FALSE;FALSE;FALSE;FALSE;TRUE;FALSE;FALSE
21494637;88;25017139;-;-;na;FALSE;TRUE;FALSE;FALSE;FALSE;FALSE;TRUE;FALSE;FALSE;FALSE
21494637;3;25174649;+;+;na;FALSE;TRUE;FALSE;FALSE;FALSE;TRUE;FALSE;FALSE;FALSE;FALSE
21494637;1;25174890;+;+;na;FALSE;TRUE;FALSE;FALSE;FALSE;TRUE;FALSE;FALSE;FALSE;FALSE
21494637;102;25309331;-;-;na;FALSE;TRUE;FALSE;FALSE;FALSE;FALSE;TRUE;FALSE;FALSE;FALSE
21494637;63;25446991;-;-;na;FALSE;TRUE;FALSE;FALSE;FALSE;FALSE;TRUE;FALSE;FALSE;FALSE
21494637;14;25731749;+;+;na;FALSE;TRUE;FALSE;FALSE;FALSE;TRUE;TRUE;FALSE;FALSE;FALSE
21494637;40;25804954;+;+;na;FALSE;TRUE;FALSE;FALSE;FALSE;FALSE;TRUE;FALSE;FALSE;FALSE
21494637;5;25830304;+;+;na;FALSE;TRUE;FALSE;FALSE;FALSE;TRUE;TRUE;FALSE;FALSE;FALSE
21494637;10;25836420;n;n;na;FALSE;TRUE;FALSE;FALSE;FALSE;TRUE;FALSE;FALSE;FALSE;FALSE
21494637;2;26123485;+;+;na;FALSE;TRUE;FALSE;FALSE;FALSE;TRUE;TRUE;FALSE;FALSE;FALSE
21494637;47;26159606;+;+;na;TRUE;TRUE;FALSE;FALSE;FALSE;FALSE;TRUE;FALSE;FALSE;FALSE
21494637;48;26251043;-;-;na;FALSE;TRUE;FALSE;TRUE;FALSE;FALSE;TRUE;FALSE;FALSE;FALSE
21494637;36;26253900;+(+);+(+);na;FALSE;TRUE;FALSE;FALSE;FALSE;FALSE;TRUE;FALSE;FALSE;FALSE
21494637;24;26269629;-;-;na;FALSE;TRUE;FALSE;FALSE;FALSE;FALSE;TRUE;FALSE;FALSE;FALSE
21494637;43;26282470;-;-;na;FALSE;TRUE;FALSE;FALSE;FALSE;FALSE;TRUE;FALSE;FALSE;FALSE
21494637;17;26363496;+;+;na;FALSE;TRUE;FALSE;FALSE;FALSE;TRUE;TRUE;FALSE;FALSE;FALSE
21494637;11;26546614;-;-;na;FALSE;TRUE;FALSE;FALSE;FALSE;FALSE;TRUE;FALSE;FALSE;FALSE
21494637;49;26651604;-;-;na;FALSE;TRUE;FALSE;FALSE;FALSE;FALSE;TRUE;FALSE;FALSE;FALSE
21494637;66;26744328;+;+;na;TRUE;TRUE;FALSE;FALSE;FALSE;FALSE;TRUE;FALSE;FALSE;FALSE
21494637;13;26744332;++;++;na;FALSE;TRUE;FALSE;FALSE;FALSE;TRUE;FALSE;FALSE;FALSE;FALSE
21494637;64;26808467;+;+;na;FALSE;TRUE;FALSE;FALSE;FALSE;FALSE;TRUE;FALSE;FALSE;FALSE
21494637;22;26931464;+;+;na;TRUE;TRUE;FALSE;FALSE;FALSE;FALSE;FALSE;TRUE;FALSE;FALSE
21494637;57;27023913;-;-;na;FALSE;TRUE;FALSE;FALSE;FALSE;FALSE;TRUE;FALSE;FALSE;FALSE
21494637;68;27063942;+;+;na;FALSE;TRUE;FALSE;FALSE;FALSE;FALSE;TRUE;TRUE;FALSE;FALSE
21494637;70;27364102;-;-;na;FALSE;TRUE;FALSE;FALSE;FALSE;FALSE;TRUE;FALSE;FALSE;FALSE
21494637;37;27413152;-;-;na;FALSE;TRUE;FALSE;FALSE;FALSE;FALSE;TRUE;FALSE;FALSE;FALSE
21494637;82;27794539;+;+;na;TRUE;TRUE;FALSE;FALSE;FALSE;TRUE;TRUE;FALSE;FALSE;FALSE
21494637;83;27798112;-;-;na;FALSE;TRUE;FALSE;FALSE;FALSE;FALSE;TRUE;FALSE;FALSE;FALSE
21494637;19;28321439;+;+;na;FALSE;TRUE;FALSE;FALSE;FALSE;TRUE;FALSE;FALSE;FALSE;FALSE
21494637;42;28720718;+;+;na;FALSE;TRUE;TRUE;FALSE;FALSE;FALSE;TRUE;FALSE;FALSE;FALSE
21494637;60;28826027;L;L;na;TRUE;TRUE;FALSE;FALSE;FALSE;TRUE;FALSE;FALSE;FALSE;FALSE
21494637;54;28973664;-;-;na;FALSE;TRUE;FALSE;FALSE;FALSE;FALSE;TRUE;FALSE;FALSE;FALSE
21494637;18;29038245;-;-;na;FALSE;TRUE;TRUE;FALSE;FALSE;FALSE;TRUE;FALSE;FALSE;FALSE
21494637;34;29054882;-;-;na;FALSE;TRUE;FALSE;FALSE;FALSE;FALSE;TRUE;FALSE;FALSE;FALSE
21494637;75;29305532;-;-;na;FALSE;TRUE;FALSE;FALSE;FALSE;FALSE;TRUE;FALSE;FALSE;FALSE
21494637;94;29387348;L;L;na;TRUE;TRUE;TRUE;FALSE;FALSE;FALSE;TRUE;FALSE;FALSE;FALSE
24204323;87;8910404;-;-;na;FALSE;TRUE;FALSE;TRUE;FALSE;FALSE;FALSE;FALSE;FALSE;FALSE
24204323;88;9203583;-;-;na;FALSE;TRUE;FALSE;TRUE;FALSE;FALSE;FALSE;FALSE;FALSE;FALSE
24204323;56;9368761;-;-;na;FALSE;TRUE;FALSE;TRUE;FALSE;FALSE;FALSE;FALSE;FALSE;FALSE
24204323;19;9887339;-;-;na;FALSE;TRUE;FALSE;FALSE;FALSE;TRUE;FALSE;FALSE;FALSE;FALSE
24204323;92;10359802;-;-;na;FALSE;TRUE;FALSE;FALSE;FALSE;FALSE;TRUE;FALSE;FALSE;FALSE
24204323;33;10429667;-;-;na;FALSE;TRUE;FALSE;TRUE;FALSE;FALSE;FALSE;FALSE;FALSE;FALSE
24204323;93;10434303;-;-;na;FALSE;TRUE;FALSE;FALSE;FALSE;TRUE;FALSE;FALSE;FALSE;FALSE
24204323;58;10581038;+;+;na;FALSE;TRUE;FALSE;FALSE;FALSE;FALSE;TRUE;FALSE;FALSE;FALSE
24204323;37;10615123;-;-;na;FALSE;TRUE;FALSE;FALSE;FALSE;FALSE;TRUE;FALSE;FALSE;FALSE
24204323;77;10627141;-;-;na;FALSE;TRUE;TRUE;FALSE;FALSE;FALSE;FALSE;FALSE;FALSE;FALSE
24204323;81;11063736;-;-;na;FALSE;TRUE;FALSE;FALSE;FALSE;FALSE;TRUE;FALSE;FALSE;FALSE
24204323;85;11154280;-;-;na;FALSE;TRUE;FALSE;FALSE;FALSE;FALSE;TRUE;FALSE;FALSE;FALSE
24204323;15;11317354;-;-;na;FALSE;TRUE;TRUE;FALSE;FALSE;FALSE;FALSE;FALSE;FALSE;FALSE
24204323;64;11494364;-;-;na;FALSE;TRUE;TRUE;FALSE;FALSE;TRUE;FALSE;FALSE;FALSE;FALSE
24204323;57;11901110;-;-;na;FALSE;TRUE;FALSE;TRUE;FALSE;FALSE;FALSE;FALSE;FALSE;FALSE
24204323;96;12057899;-;-;na;FALSE;TRUE;TRUE;FALSE;FALSE;FALSE;FALSE;FALSE;FALSE;FALSE
24204323;26;12091911;-;-;na;FALSE;TRUE;FALSE;TRUE;FALSE;FALSE;FALSE;FALSE;FALSE;FALSE
24204323;21;12217951;-;-;na;FALSE;TRUE;TRUE;FALSE;FALSE;FALSE;TRUE;FALSE;FALSE;FALSE
24204323;91;12223581;-;-;na;FALSE;TRUE;FALSE;FALSE;FALSE;TRUE;FALSE;FALSE;FALSE;FALSE
24204323;6;12554681;+;+;na;FALSE;TRUE;FALSE;FALSE;FALSE;FALSE;TRUE;FALSE;FALSE;FALSE
24204323;50;12697826;-;-;na;FALSE;TRUE;FALSE;FALSE;FALSE;FALSE;TRUE;FALSE;FALSE;FALSE
24204323;97;12895502;-;-;na;FALSE;TRUE;FALSE;FALSE;FALSE;FALSE;TRUE;FALSE;FALSE;FALSE
24204323;23;15198993;n;n;na;FALSE;TRUE;FALSE;FALSE;FALSE;FALSE;TRUE;FALSE;FALSE;FALSE
24204323;74;15467433;-;-;na;FALSE;TRUE;TRUE;FALSE;FALSE;FALSE;FALSE;FALSE;FALSE;FALSE
24204323;89;15475387;-;-;na;FALSE;TRUE;FALSE;FALSE;TRUE;FALSE;TRUE;FALSE;FALSE;FALSE
24204323;83;15715978;+;+;na;TRUE;TRUE;FALSE;FALSE;FALSE;TRUE;FALSE;FALSE;FALSE;FALSE
24204323;75;15848234;-;-;na;FALSE;TRUE;FALSE;FALSE;TRUE;FALSE;FALSE;FALSE;FALSE;FALSE
24204323;52;15942939;-;-;na;FALSE;FALSE;TRUE;FALSE;FALSE;FALSE;FALSE;FALSE;FALSE;FALSE
24204323;8;16204034;-;-;na;FALSE;TRUE;FALSE;FALSE;FALSE;FALSE;TRUE;FALSE;FALSE;FALSE
24204323;53;16260499;-;-;na;FALSE;TRUE;FALSE;TRUE;FALSE;FALSE;FALSE;FALSE;FALSE;FALSE
24204323;72;16322221;-;-;na;FALSE;TRUE;FALSE;FALSE;FALSE;FALSE;TRUE;FALSE;FALSE;FALSE
24204323;78;16423994;-;-;na;FALSE;TRUE;TRUE;FALSE;FALSE;FALSE;FALSE;FALSE;FALSE;FALSE
24204323;3;16687439;n;n;na;FALSE;TRUE;FALSE;FALSE;FALSE;FALSE;TRUE;FALSE;FALSE;FALSE
24204323;16;16728433;-;-;na;FALSE;TRUE;FALSE;FALSE;FALSE;FALSE;TRUE;FALSE;FALSE;FALSE
24204323;34;16837128;-;-;na;FALSE;TRUE;TRUE;FALSE;FALSE;FALSE;FALSE;FALSE;FALSE;FALSE
24204323;46;17054581;-;-;na;FALSE;TRUE;TRUE;FALSE;FALSE;FALSE;FALSE;FALSE;FALSE;FALSE
24204323;73;17409200;-;-;na;FALSE;TRUE;TRUE;FALSE;FALSE;FALSE;TRUE;FALSE;FALSE;FALSE
24204323;69;17715336;-;-;na;FALSE;TRUE;FALSE;FALSE;FALSE;TRUE;FALSE;FALSE;FALSE;FALSE
24204323;32;18057311;-;-;na;FALSE;TRUE;FALSE;TRUE;FALSE;FALSE;FALSE;FALSE;FALSE;FALSE
24204323;17;18206535;-;-;na;FALSE;TRUE;TRUE;FALSE;FALSE;FALSE;FALSE;FALSE;FALSE;FALSE
24204323;82;18412970;-;-;na;FALSE;TRUE;FALSE;TRUE;FALSE;FALSE;FALSE;FALSE;FALSE;FALSE
24204323;68;18505871;-;-;na;FALSE;TRUE;FALSE;TRUE;FALSE;FALSE;FALSE;FALSE;FALSE;FALSE
24204323;48;18551179;-;-;na;FALSE;TRUE;TRUE;FALSE;FALSE;FALSE;TRUE;FALSE;FALSE;FALSE
24204323;86;18787700;-;-;na;FALSE;na;na;na;na;na;na;na;na;na
24204323;12;18930147;+;+;na;FALSE;TRUE;FALSE;FALSE;FALSE;FALSE;TRUE;FALSE;FALSE;FALSE
24204323;27;19436705;n;n;na;FALSE;TRUE;FALSE;FALSE;FALSE;FALSE;TRUE;FALSE;FALSE;FALSE
24204323;95;19465745;-;-;na;FALSE;TRUE;TRUE;FALSE;FALSE;FALSE;FALSE;FALSE;FALSE;FALSE
24204323;7;19497791;+;+;na;TRUE;TRUE;FALSE;FALSE;FALSE;FALSE;TRUE;FALSE;FALSE;FALSE
24204323;10;19997493;-;-;na;FALSE;TRUE;FALSE;FALSE;FALSE;FALSE;TRUE;FALSE;FALSE;FALSE
24204323;35;20053912;-;-;na;FALSE;TRUE;FALSE;FALSE;FALSE;FALSE;TRUE;FALSE;FALSE;FALSE
24204323;28;20302627;n;n;na;FALSE;TRUE;FALSE;FALSE;TRUE;FALSE;TRUE;FALSE;FALSE;FALSE
24204323;71;20864123;-;-;na;FALSE;FALSE;TRUE;FALSE;FALSE;FALSE;FALSE;FALSE;FALSE;FALSE
24204323;36;20935170;n;n;na;TRUE;TRUE;FALSE;FALSE;FALSE;FALSE;TRUE;FALSE;FALSE;FALSE
24204323;22;21170307;-;-;na;FALSE;TRUE;FALSE;FALSE;FALSE;FALSE;TRUE;FALSE;FALSE;FALSE
24204323;18;21536587;-;-;na;FALSE;TRUE;FALSE;FALSE;FALSE;FALSE;TRUE;FALSE;FALSE;FALSE
24204323;38;21540131;-;-;na;FALSE;TRUE;TRUE;FALSE;FALSE;FALSE;FALSE;FALSE;FALSE;FALSE
24204323;79;21840924;-;-;na;FALSE;TRUE;FALSE;FALSE;FALSE;FALSE;TRUE;FALSE;FALSE;FALSE
24204323;60;21887328;-;-;na;FALSE;TRUE;FALSE;FALSE;FALSE;FALSE;TRUE;FALSE;FALSE;FALSE
24204323;11;21897851;-;-;na;FALSE;TRUE;FALSE;FALSE;FALSE;FALSE;TRUE;FALSE;FALSE;FALSE
24204323;62;21907095;-;-;na;FALSE;TRUE;FALSE;FALSE;FALSE;FALSE;FALSE;FALSE;FALSE;TRUE
24204323;59;22072510;-;-;na;FALSE;TRUE;FALSE;FALSE;FALSE;TRUE;FALSE;FALSE;FALSE;FALSE
24204323;49;22289650;-;-;na;FALSE;TRUE;FALSE;FALSE;FALSE;FALSE;TRUE;FALSE;FALSE;FALSE
24204323;14;22344730;-;-;na;FALSE;FALSE;TRUE;FALSE;FALSE;FALSE;FALSE;FALSE;FALSE;FALSE
24204323;40;22914735;n;n;na;FALSE;TRUE;FALSE;FALSE;FALSE;FALSE;TRUE;FALSE;FALSE;FALSE
24204323;1;22970194;+;+;na;FALSE;TRUE;FALSE;FALSE;FALSE;FALSE;TRUE;FALSE;FALSE;FALSE
24204323;43;23071719;n;n;na;FALSE;TRUE;FALSE;FALSE;FALSE;FALSE;TRUE;FALSE;FALSE;FALSE
24204323;54;23089356;-;-;na;FALSE;TRUE;FALSE;FALSE;FALSE;TRUE;FALSE;FALSE;FALSE;FALSE
24204323;24;23209427;-;-;na;FALSE;TRUE;FALSE;FALSE;FALSE;FALSE;TRUE;FALSE;FALSE;FALSE
24204323;84;23316435;-;-;na;FALSE;TRUE;FALSE;TRUE;FALSE;FALSE;FALSE;FALSE;FALSE;FALSE
24204323;2;23468640;+;+;na;FALSE;TRUE;FALSE;FALSE;FALSE;FALSE;TRUE;FALSE;FALSE;FALSE
24204323;90;23724141;-;-;na;FALSE;TRUE;FALSE;FALSE;FALSE;FALSE;TRUE;FALSE;FALSE;FALSE
24204323;51;23933738;+;+;na;TRUE;TRUE;FALSE;FALSE;FALSE;FALSE;TRUE;FALSE;FALSE;FALSE
24204323;41;24191263;n;n;na;FALSE;TRUE;TRUE;FALSE;FALSE;FALSE;TRUE;FALSE;FALSE;FALSE
24204323;0;24204323;++;++;na;FALSE;TRUE;FALSE;FALSE;FALSE;FALSE;TRUE;FALSE;FALSE;FALSE
24204323;99;24278347;-;-;na;FALSE;TRUE;FALSE;FALSE;FALSE;TRUE;FALSE;FALSE;FALSE;FALSE
24204323;80;24323032;-;-;na;FALSE;FALSE;TRUE;FALSE;FALSE;FALSE;FALSE;FALSE;FALSE;FALSE
24204323;47;24403070;-;-;na;FALSE;TRUE;FALSE;TRUE;FALSE;FALSE;FALSE;FALSE;FALSE;FALSE
24204323;30;24443562;-;-;na;FALSE;TRUE;FALSE;TRUE;FALSE;FALSE;FALSE;FALSE;FALSE;FALSE
24204323;67;24550389;-;-;na;FALSE;TRUE;FALSE;TRUE;FALSE;FALSE;FALSE;FALSE;FALSE;FALSE
24204323;76;24924810;-;-;na;FALSE;TRUE;FALSE;FALSE;TRUE;FALSE;FALSE;FALSE;FALSE;FALSE
24204323;9;24971578;n;n;na;FALSE;TRUE;FALSE;FALSE;FALSE;FALSE;TRUE;FALSE;FALSE;FALSE
24204323;5;25645993;-;-;na;FALSE;TRUE;FALSE;FALSE;TRUE;FALSE;FALSE;FALSE;FALSE;FALSE
24204323;94;25760041;-;-;na;FALSE;TRUE;FALSE;FALSE;FALSE;FALSE;TRUE;FALSE;FALSE;FALSE
24204323;55;26047474;+;+;na;TRUE;TRUE;FALSE;FALSE;FALSE;FALSE;TRUE;FALSE;FALSE;FALSE
24204323;70;26165466;-;-;na;FALSE;TRUE;FALSE;FALSE;FALSE;FALSE;TRUE;FALSE;FALSE;FALSE
24204323;44;26232222;+;+;na;TRUE;TRUE;FALSE;FALSE;FALSE;FALSE;TRUE;FALSE;FALSE;FALSE
24204323;66;26295712;-;-;na;FALSE;na;na;na;na;na;na;na;na;na
24204323;65;26333255;-;-;na;FALSE;TRUE;FALSE;FALSE;FALSE;TRUE;FALSE;FALSE;FALSE;FALSE
24204323;13;26581643;-;-;na;FALSE;TRUE;FALSE;FALSE;FALSE;FALSE;TRUE;FALSE;FALSE;FALSE
24204323;4;26774442;++;++;na;FALSE;TRUE;FALSE;FALSE;FALSE;FALSE;FALSE;FALSE;FALSE;TRUE
24204323;29;26994442;n;n;na;TRUE;TRUE;TRUE;FALSE;FALSE;FALSE;FALSE;FALSE;FALSE;FALSE
24204323;101;27044000;n;n;na;TRUE;TRUE;TRUE;FALSE;FALSE;FALSE;FALSE;FALSE;FALSE;FALSE
24204323;100;27131875;-;-;na;FALSE;TRUE;FALSE;FALSE;FALSE;FALSE;TRUE;FALSE;FALSE;FALSE
24204323;31;27155933;-;-;na;FALSE;TRUE;FALSE;FALSE;FALSE;FALSE;TRUE;FALSE;FALSE;FALSE
24204323;45;27913616;-;-;na;FALSE;na;na;na;na;na;na;na;na;na
24204323;20;27979358;n;n;na;FALSE;TRUE;FALSE;FALSE;FALSE;FALSE;FALSE;FALSE;FALSE;TRUE
24204323;98;28165127;-;-;na;FALSE;TRUE;FALSE;FALSE;TRUE;FALSE;TRUE;FALSE;FALSE;FALSE
24204323;39;28334820;-;-;na;FALSE;TRUE;FALSE;FALSE;FALSE;FALSE;TRUE;FALSE;FALSE;FALSE
24204323;61;28453523;-;-;na;FALSE;TRUE;FALSE;TRUE;FALSE;FALSE;FALSE;FALSE;FALSE;FALSE
24204323;63;28642124;+;+;na;TRUE;TRUE;TRUE;FALSE;FALSE;FALSE;FALSE;FALSE;FALSE;FALSE
24204323;42;28827832;-;-;na;FALSE;TRUE;FALSE;TRUE;FALSE;FALSE;FALSE;FALSE;FALSE;FALSE
24204323;25;28934397;+;+;na;TRUE;TRUE;TRUE;FALSE;FALSE;FALSE;FALSE;FALSE;FALSE;FALSE
